iter,x_1,x_2,x_3
0,0.1,0.1,0.1
1,0.729583,0.097222,0.547917
2,0.727917,0.091667,0.545139
3,0.72625,0.086111,0.542361
4,0.724583,0.080556,0.539583
5,0.722917,0.075,0.536806
6,0.72125,0.069444,0.534028
7,0.719583,0.063889,0.53125
8,0.717917,0.058333,0.528472
9,0.71625,0.052778,0.525694
10,0.714583,0.047222,0.522917
11,0.712917,0.041667,0.520139
12,0.71125,0.036111,0.517361
13,0.709583,0.030556,0.514583
14,0.707917,0.025,0.511806
15,0.70625,0.019444,0.509028
16,0.704583,0.013889,0.50625
17,0.702917,0.008333,0.503472
18,0.70125,0.006111,0.500694
19,0.699583,0.001111,0.497917
20,0.697917,0.0,0.495139
21,0.69625,0.0,0.492361
22,0.694583,0.0,0.489583
23,0.692917,0.0,0.486806
24,0.69125,0.0,0.484028
25,0.689583,0.0,0.48125
26,0.687917,0.0,0.478472
27,0.68625,0.0,0.475694
28,0.684583,0.0,0.472917
29,0.682917,0.0,0.470139
30,0.68125,0.0,0.467361
31,0.679583,0.0,0.464583
32,0.677917,0.0,0.461806
33,0.67625,0.0,0.459028
34,0.674583,0.0,0.45625
35,0.672917,0.0,0.453472
36,0.67125,0.0,0.450694
37,0.669583,0.0,0.447917
38,0.667917,0.0,0.445139
39,0.66625,0.0,0.442361
40,0.664583,0.0,0.439583
41,0.662917,0.0,0.436806
42,0.66125,0.0,0.434028
43,0.659583,0.0,0.43125
44,0.657917,0.0,0.428472
45,0.65625,0.0,0.425694
46,0.654583,0.0,0.422917
47,0.652917,0.0,0.420139
48,0.65125,0.0,0.417361
49,0.649583,0.0,0.414583
50,0.647917,0.0,0.411806
51,0.64625,0.0,0.409028
52,0.644583,0.0,0.40625
53,0.642917,0.0,0.403472
54,0.64125,0.0,0.400694
55,0.639583,0.0,0.397917
56,0.637917,0.0,0.395139
57,0.63625,0.0,0.392361
58,0.634583,0.0,0.389583
59,0.632917,0.0,0.386806
60,0.63125,0.0,0.499583
61,0.698917,0.0,0.496806
62,0.69725,0.0,0.494028
63,0.695583,0.0,0.49125
64,0.693917,0.0,0.488472
65,0.69225,0.0,0.485694
66,0.690583,0.0,0.482917
67,0.688917,0.0,0.480139
68,0.68725,0.0,0.477361
69,0.685583,0.0,0.474583
70,0.683917,0.0,0.471806
71,0.68225,0.0,0.469028
72,0.680583,0.0,0.46625
73,0.678917,0.0,0.463472
74,0.67725,0.0,0.460694
75,0.675583,0.0,0.457917
76,0.673917,0.0,0.455139
77,0.67225,0.0,0.452361
78,0.670583,0.0,0.449583
79,0.668917,0.0,0.446806
80,0.66725,0.0,0.444028
81,0.665583,0.0,0.44125
82,0.663917,0.0,0.438472
83,0.66225,0.0,0.435694
84,0.660583,0.0,0.432917
85,0.658917,0.0,0.430139
86,0.65725,0.0,0.427361
87,0.655583,0.0,0.424583
88,0.653917,0.0,0.421806
89,0.65225,0.0,0.419028
90,0.650583,0.0,0.41625
91,0.648917,0.0,0.413472
92,0.64725,0.0,0.410694
93,0.645583,0.0,0.407917
94,0.643917,0.0,0.405139
95,0.64225,0.0,0.402361
96,0.640583,0.0,0.399583
97,0.638917,0.0,0.396806
98,0.63725,0.0,0.394028
99,0.635583,0.0,0.39125
100,0.633917,0.0,0.388472
101,0.63225,0.0,0.385694
102,0.630583,0.0,0.499583
103,0.698917,0.0,0.496806
104,0.69725,0.0,0.494028
105,0.695583,0.0,0.49125
106,0.693917,0.0,0.488472
107,0.69225,0.0,0.485694
108,0.690583,0.0,0.482917
109,0.688917,0.0,0.480139
110,0.68725,0.0,0.477361
111,0.685583,0.0,0.474583
112,0.683917,0.0,0.471806
113,0.68225,0.0,0.469028
114,0.680583,0.0,0.46625
115,0.678917,0.0,0.463472
116,0.67725,0.0,0.460694
117,0.675583,0.0,0.457917
118,0.673917,0.0,0.455139
119,0.67225,0.0,0.452361
120,0.670583,0.0,0.449583
121,0.668917,0.0,0.446806
122,0.66725,0.0,0.444028
123,0.665583,0.0,0.44125
124,0.663917,0.0,0.438472
125,0.66225,0.0,0.435694
126,0.660583,0.0,0.432917
127,0.658917,0.0,0.430139
128,0.65725,0.0,0.427361
129,0.655583,0.0,0.424583
130,0.653917,0.0,0.421806
131,0.65225,0.0,0.419028
132,0.650583,0.0,0.41625
133,0.648917,0.0,0.413472
134,0.64725,0.0,0.410694
135,0.645583,0.0,0.407917
136,0.643917,0.0,0.405139
137,0.64225,0.0,0.402361
138,0.640583,0.0,0.399583
139,0.638917,0.0,0.396806
140,0.63725,0.0,0.394028
141,0.635583,0.0,0.39125
142,0.633917,0.0,0.388472
143,0.63225,0.0,0.385694
144,0.630583,0.0,0.499583
145,0.698917,0.0,0.496806
146,0.69725,0.0,0.494028
147,0.695583,0.0,0.49125
148,0.693917,0.0,0.488472
149,0.69225,0.0,0.485694
150,0.690583,0.0,0.482917
151,0.688917,0.0,0.480139
152,0.68725,0.0,0.477361
153,0.685583,0.0,0.474583
154,0.683917,0.0,0.471806
155,0.68225,0.0,0.469028
156,0.680583,0.0,0.46625
157,0.678917,0.0,0.463472
158,0.67725,0.0,0.460694
159,0.675583,0.0,0.457917
160,0.673917,0.0,0.455139
161,0.67225,0.0,0.452361
162,0.670583,0.0,0.449583
163,0.668917,0.0,0.446806
164,0.66725,0.0,0.444028
165,0.665583,0.0,0.44125
166,0.663917,0.0,0.438472
167,0.66225,0.0,0.435694
168,0.660583,0.0,0.432917
169,0.658917,0.0,0.430139
170,0.65725,0.0,0.427361
171,0.655583,0.0,0.424583
172,0.653917,0.0,0.421806
173,0.65225,0.0,0.419028
174,0.650583,0.0,0.41625
175,0.648917,0.0,0.413472
176,0.64725,0.0,0.410694
177,0.645583,0.0,0.407917
178,0.643917,0.0,0.405139
179,0.64225,0.0,0.402361
180,0.640583,0.0,0.399583
181,0.638917,0.0,0.396806
182,0.63725,0.0,0.394028
183,0.635583,0.0,0.39125
184,0.633917,0.0,0.388472
185,0.63225,0.0,0.385694
186,0.630583,0.0,0.499583
187,0.698917,0.0,0.496806
188,0.69725,0.0,0.494028
189,0.695583,0.0,0.49125
190,0.693917,0.0,0.488472
191,0.69225,0.0,0.485694
192,0.690583,0.0,0.482917
193,0.688917,0.0,0.480139
194,0.68725,0.0,0.477361
195,0.685583,0.0,0.474583
196,0.683917,0.0,0.471806
197,0.68225,0.0,0.469028
198,0.680583,0.0,0.46625
199,0.678917,0.0,0.463472
200,0.67725,0.0,0.460694
